<i>
  <i image="20001010_0.png" delay="100" x="0" y="-32"/>
  <i image="20001010_1.png" delay="100" x="0" y="-32"/>
  <i image="20001010_2.png" delay="100" x="0" y="-32"/>
  <i image="effect_0.png" delay="90" x="-79" y="-176"/>
  <i image="effect_1.png" delay="90" x="-79" y="-176"/>
  <i image="effect_2.png" delay="90" x="-79" y="-176"/>
  <i image="effect_3.png" delay="90" x="-79" y="-176"/>
  <i image="effect_4.png" delay="90" x="-79" y="-176"/>
  <i image="effect_5.png" delay="90" x="-79" y="-176"/>
  <i image="effect_6.png" delay="90" x="-79" y="-176"/>
  <i image="effect_7.png" delay="90" x="-79" y="-176"/>
  <i image="effect_8.png" delay="90" x="-79" y="-176"/>
  <i image="effect_9.png" delay="90" x="-79" y="-176"/>
  <i image="effect_10.png" delay="90" x="-79" y="-176"/>
  <i image="effect_11.png" delay="90" x="-79" y="-176"/>
  <i image="effect_12.png" delay="90" x="-79" y="-176"/>
  <i image="effect_13.png" delay="90" x="-79" y="-176"/>
  <i image="effect_14.png" delay="90" x="-79" y="-176"/>
  <i image="effect_15.png" delay="90" x="-79" y="-176"/>
  <i image="effect_16.png" delay="90" x="-79" y="-176"/>
  <i image="effect_17.png" delay="90" x="-79" y="-176"/>
  <i image="effect_18.png" delay="90" x="-79" y="-176"/>
  <i image="effect_19.png" delay="90" x="-79" y="-176"/>
  <i image="effect_20.png" delay="90" x="-79" y="-176"/>
  <i image="effect_21.png" delay="90" x="-79" y="-176"/>
  <i image="effect_22.png" delay="90" x="-79" y="-176"/>
  <i image="effect_23.png" delay="90" x="-79" y="-176"/>
  <i image="effect_24.png" delay="90" x="-79" y="-176"/>
  <i image="effect_25.png" delay="90" x="-79" y="-176"/>
  <i image="effect_26.png" delay="90" x="-79" y="-176"/>
  <i image="affected_0.png" delay="90" x="-20" y="-106"/>
  <i image="affected_1.png" delay="90" x="-20" y="-106"/>
  <i image="affected_2.png" delay="90" x="-20" y="-106"/>
  <i image="affected_3.png" delay="90" x="-20" y="-106"/>
  <i image="affected_4.png" delay="90" x="-20" y="-106"/>
  <i image="affected_5.png" delay="90" x="-20" y="-106"/>
  <i image="affected_6.png" delay="90" x="-20" y="-106"/>
  <i image="affected_7.png" delay="90" x="-20" y="-106"/>
  <i image="repeat_0.png" delay="120" x="-54" y="-92"/>
  <i image="repeat_1.png" delay="120" x="-54" y="-92"/>
  <i image="repeat_2.png" delay="120" x="-54" y="-92"/>
  <i image="repeat_3.png" delay="120" x="-54" y="-92"/>
  <i image="repeat_4.png" delay="120" x="-54" y="-92"/>
  <i image="repeat_5.png" delay="120" x="-54" y="-92"/>
  <i image="repeat_6.png" delay="120" x="-54" y="-92"/>
  <i image="repeat_7.png" delay="120" x="-54" y="-92"/>
  <i image="repeat_8.png" delay="120" x="-54" y="-92"/>
  <i image="repeat_9.png" delay="120" x="-54" y="-92"/>
</i>